{"JSONpos":{"x":13.905576705932618,"y":28.3799991607666,"z":20.717628479003908}}