{"JSONpos":{"x":24.36522674560547,"y":37.38246154785156,"z":13.605504989624024},"newBlock":[]}